silhouette_score,calinski_harabasz,davies_bouldin
0.023555340245366096,190.69710803436237,2.620641798705404
