adjusted_rand_index,normalized_mutual_info,purity
0.14046391813176246,0.26432042934078526,0.3613613613613614
