silhouette_score,calinski_harabasz,davies_bouldin
0.23373252153396606,518.0732857476995,1.2874716470435683
