silhouette_score,calinski_harabasz,davies_bouldin
0.1413036286830902,211.06684150544962,1.994073449711875
