silhouette_score,calinski_harabasz,davies_bouldin
0.151197150349617,250.2194293260835,1.7446659316374962
