adjusted_rand_index,normalized_mutual_info,purity
0.1305564554982129,0.24726281752631388,0.3253253253253253
