silhouette_score,calinski_harabasz,davies_bouldin
0.08853361755609512,191.45710229010132,2.3792779425579367
